-- phpMyAdmin SQL Dump
-- version 5.2.1
-- https://www.phpmyadmin.net/
--
-- Host: 127.0.0.1
-- Tempo de geração: 26/09/2023 às 22:09
-- Versão do servidor: 10.4.28-MariaDB
-- Versão do PHP: 8.2.4

SET SQL_MODE = "NO_AUTO_VALUE_ON_ZERO";
START TRANSACTION;
SET time_zone = "+00:00";


/*!40101 SET @OLD_CHARACTER_SET_CLIENT=@@CHARACTER_SET_CLIENT */;
/*!40101 SET @OLD_CHARACTER_SET_RESULTS=@@CHARACTER_SET_RESULTS */;
/*!40101 SET @OLD_COLLATION_CONNECTION=@@COLLATION_CONNECTION */;
/*!40101 SET NAMES utf8mb4 */;

--
-- Banco de dados: `expotec_db`
--

-- --------------------------------------------------------

--
-- Estrutura para tabela `administradores`
--

CREATE TABLE `administradores` (
  `id` int(11) NOT NULL,
  `user` varchar(120) NOT NULL,
  `senha` varchar(255) NOT NULL
) ENGINE=InnoDB DEFAULT CHARSET=utf8mb4 COLLATE=utf8mb4_general_ci;

--
-- Despejando dados para a tabela `administradores`
--

INSERT INTO `administradores` (`id`, `user`, `senha`) VALUES
(1, 'MasterUser', 'root');

-- --------------------------------------------------------

--
-- Estrutura para tabela `alunos`
--

CREATE TABLE `alunos` (
  `id` int(11) NOT NULL,
  `user` varchar(120) DEFAULT NULL,
  `senha` varchar(120) DEFAULT NULL,
  `turma` varchar(100) NOT NULL
) ENGINE=InnoDB DEFAULT CHARSET=utf8mb4 COLLATE=utf8mb4_general_ci;

--
-- Despejando dados para a tabela `alunos`
--

INSERT INTO `alunos` (`id`, `user`, `senha`, `turma`) VALUES
(6, 'test', '123', 'tin3a'),
(8, 'ore', '123', 'tam2'),
(9, 'vasco', '123', 'tin1a'),
(10, 'leandro', '123', 'tme1b'),
(11, 'gabriel', '123', 'tin2b'),
(12, 'eduardo', '123', 'tin3a'),
(13, 'bruno teles de lira', '123', 'tin3a');

-- --------------------------------------------------------

--
-- Estrutura para tabela `avisos`
--

CREATE TABLE `avisos` (
  `id` int(11) NOT NULL,
  `aviso` varchar(255) NOT NULL,
  `data` date NOT NULL
) ENGINE=InnoDB DEFAULT CHARSET=utf8mb4 COLLATE=utf8mb4_general_ci;

-- --------------------------------------------------------

--
-- Estrutura para tabela `bimestres`
--

CREATE TABLE `bimestres` (
  `id` int(11) NOT NULL,
  `numero` int(11) DEFAULT NULL
) ENGINE=InnoDB DEFAULT CHARSET=utf8mb4 COLLATE=utf8mb4_general_ci;

--
-- Despejando dados para a tabela `bimestres`
--

INSERT INTO `bimestres` (`id`, `numero`) VALUES
(1, 1),
(2, 2),
(3, 3),
(4, 4);

-- --------------------------------------------------------

--
-- Estrutura para tabela `materias`
--

CREATE TABLE `materias` (
  `id` int(11) NOT NULL,
  `nome` varchar(50) DEFAULT NULL
) ENGINE=InnoDB DEFAULT CHARSET=utf8mb4 COLLATE=utf8mb4_general_ci;

--
-- Despejando dados para a tabela `materias`
--

INSERT INTO `materias` (`id`, `nome`) VALUES
(1, 'Matemática'),
(2, 'Língua Portuguesa'),
(3, 'Biologia'),
(4, 'Química'),
(5, 'Física'),
(6, 'História'),
(7, 'Geografia'),
(8, 'Sociologia'),
(9, 'Filosofia'),
(10, 'Língua Estrangeira'),
(11, 'Educação Física'),
(12, 'artes');

-- --------------------------------------------------------

--
-- Estrutura para tabela `notas`
--

CREATE TABLE `notas` (
  `id` int(11) NOT NULL,
  `alunos_id` int(11) DEFAULT NULL,
  `materias_id` int(11) DEFAULT NULL,
  `bimestres_id` int(11) DEFAULT NULL,
  `nota` int(11) NOT NULL
) ENGINE=InnoDB DEFAULT CHARSET=utf8mb4 COLLATE=utf8mb4_general_ci;

--
-- Despejando dados para a tabela `notas`
--

INSERT INTO `notas` (`id`, `alunos_id`, `materias_id`, `bimestres_id`, `nota`) VALUES
(1, 6, 1, 1, 90),
(2, 6, 2, 1, 85),
(3, 6, 3, 1, 88),
(4, 6, 4, 1, 92),
(5, 6, 5, 1, 89),
(6, 6, 6, 2, 78),
(7, 6, 7, 2, 82),
(8, 6, 8, 2, 91),
(9, 6, 9, 2, 86),
(10, 6, 10, 3, 95),
(11, 6, 11, 3, 88),
(12, 6, 12, 3, 79);

-- --------------------------------------------------------

--
-- Estrutura para tabela `professores`
--

CREATE TABLE `professores` (
  `id` int(11) NOT NULL,
  `user` varchar(120) NOT NULL,
  `senha` varchar(255) NOT NULL
) ENGINE=InnoDB DEFAULT CHARSET=utf8mb4 COLLATE=utf8mb4_general_ci;

--
-- Despejando dados para a tabela `professores`
--

INSERT INTO `professores` (`id`, `user`, `senha`) VALUES
(1, 'test', '123');

--
-- Índices para tabelas despejadas
--

--
-- Índices de tabela `administradores`
--
ALTER TABLE `administradores`
  ADD PRIMARY KEY (`id`);

--
-- Índices de tabela `alunos`
--
ALTER TABLE `alunos`
  ADD PRIMARY KEY (`id`);

--
-- Índices de tabela `avisos`
--
ALTER TABLE `avisos`
  ADD PRIMARY KEY (`id`);

--
-- Índices de tabela `bimestres`
--
ALTER TABLE `bimestres`
  ADD PRIMARY KEY (`id`);

--
-- Índices de tabela `materias`
--
ALTER TABLE `materias`
  ADD PRIMARY KEY (`id`);

--
-- Índices de tabela `notas`
--
ALTER TABLE `notas`
  ADD PRIMARY KEY (`id`),
  ADD KEY `aluno_id` (`alunos_id`),
  ADD KEY `materias_id` (`materias_id`,`bimestres_id`),
  ADD KEY `fk_bimestres` (`bimestres_id`);

--
-- Índices de tabela `professores`
--
ALTER TABLE `professores`
  ADD PRIMARY KEY (`id`);

--
-- AUTO_INCREMENT para tabelas despejadas
--

--
-- AUTO_INCREMENT de tabela `administradores`
--
ALTER TABLE `administradores`
  MODIFY `id` int(11) NOT NULL AUTO_INCREMENT, AUTO_INCREMENT=2;

--
-- AUTO_INCREMENT de tabela `alunos`
--
ALTER TABLE `alunos`
  MODIFY `id` int(11) NOT NULL AUTO_INCREMENT, AUTO_INCREMENT=14;

--
-- AUTO_INCREMENT de tabela `avisos`
--
ALTER TABLE `avisos`
  MODIFY `id` int(11) NOT NULL AUTO_INCREMENT;

--
-- AUTO_INCREMENT de tabela `bimestres`
--
ALTER TABLE `bimestres`
  MODIFY `id` int(11) NOT NULL AUTO_INCREMENT, AUTO_INCREMENT=9;

--
-- AUTO_INCREMENT de tabela `materias`
--
ALTER TABLE `materias`
  MODIFY `id` int(11) NOT NULL AUTO_INCREMENT, AUTO_INCREMENT=38;

--
-- AUTO_INCREMENT de tabela `notas`
--
ALTER TABLE `notas`
  MODIFY `id` int(11) NOT NULL AUTO_INCREMENT, AUTO_INCREMENT=13;

--
-- AUTO_INCREMENT de tabela `professores`
--
ALTER TABLE `professores`
  MODIFY `id` int(11) NOT NULL AUTO_INCREMENT, AUTO_INCREMENT=2;

--
-- Restrições para tabelas despejadas
--

--
-- Restrições para tabelas `notas`
--
ALTER TABLE `notas`
  ADD CONSTRAINT `fk_alunos` FOREIGN KEY (`alunos_id`) REFERENCES `alunos` (`id`) ON DELETE CASCADE,
  ADD CONSTRAINT `fk_bimestres` FOREIGN KEY (`bimestres_id`) REFERENCES `bimestres` (`id`) ON DELETE CASCADE,
  ADD CONSTRAINT `fk_materias` FOREIGN KEY (`materias_id`) REFERENCES `materias` (`id`) ON DELETE CASCADE,
  ADD CONSTRAINT `notas_ibfk_1` FOREIGN KEY (`alunos_id`) REFERENCES `alunos` (`id`);
COMMIT;

/*!40101 SET CHARACTER_SET_CLIENT=@OLD_CHARACTER_SET_CLIENT */;
/*!40101 SET CHARACTER_SET_RESULTS=@OLD_CHARACTER_SET_RESULTS */;
/*!40101 SET COLLATION_CONNECTION=@OLD_COLLATION_CONNECTION */;
